band,keyword,score,suggest_hits,intent,rationale
E-HEAD,ac repair dubai near me,49,21,Transactional,Core money term - all 5 competitors compete
D-BLOG,deep cleaning dubai price,42,19,Commercial,Blog/informational - builds topical authority
E-HEAD,ac repair services in dubai,40,18,Commercial,Core money term - all 5 competitors compete
D-BLOG,painting price in dubai,40,18,Commercial,Blog/informational - builds topical authority
D-BLOG,movers and packers dubai cost,36,16,Commercial,Blog/informational - builds topical authority
E-HEAD,deep cleaning companies in dubai,34,15,Transactional,Core money term - all 5 competitors compete
E-HEAD,maintenance companies in dubai,32,14,Transactional,Core money term - all 5 competitors compete
E-HEAD,maintenance companies in uae,32,14,Transactional,Core money term - all 5 competitors compete
E-HEAD,ac maintenance companies in dubai,30,13,Transactional,Core money term - all 5 competitors compete
E-HEAD,cheap movers and packers in dubai,28,12,Commercial,Core money term - all 5 competitors compete
D-BLOG,ac service cost in dubai,22,9,Commercial,Blog/informational - builds topical authority
C-LOCAL,handyman services dubai marina,20,8,Commercial,Neighbourhood page - thin competition
E-HEAD,ac maintenance dubai near me,19,6,Transactional,Core money term - all 5 competitors compete
E-HEAD,ac maintenance dubai llc best services,18,7,Transactional,Core money term - all 5 competitors compete
A-GOLD,car garage dubai near me,17,1,Transactional,No competitor coverage - you deliver it
E-HEAD,emergency ac repair dubai near me,17,5,Transactional,Core money term - all 5 competitors compete
E-HEAD,handyman dubai near me,17,5,Transactional,Core money term - all 5 competitors compete
E-HEAD,plumbing services dubai near me,17,5,Transactional,Core money term - all 5 competitors compete
A-GOLD,arabian majlis sharjah,16,1,Commercial,No competitor coverage - you deliver it
A-GOLD,majlis sharjah,16,1,Commercial,No competitor coverage - you deliver it
A-GOLD,majlis sharjah al nahda,16,1,Commercial,No competitor coverage - you deliver it
A-GOLD,majlis sharjah rolla,16,1,Commercial,No competitor coverage - you deliver it
B-SHARJAH,ac repair sharjah near me,15,1,Transactional,Zero competitor targets Sharjah
B-SHARJAH,cleaning company sharjah near me,15,1,Transactional,Zero competitor targets Sharjah
B-SHARJAH,cleaning services sharjah near me,15,1,Transactional,Zero competitor targets Sharjah
E-HEAD,deep cleaning services dubai near me,15,4,Transactional,Core money term - all 5 competitors compete
E-HEAD,electrician dubai near me,15,4,Transactional,Core money term - all 5 competitors compete
B-SHARJAH,electrician sharjah near me,15,1,Transactional,Zero competitor targets Sharjah
E-HEAD,movers and packers dubai near me,15,4,Transactional,Core money term - all 5 competitors compete
E-HEAD,plumber dubai near me,15,4,Transactional,Core money term - all 5 competitors compete
B-SHARJAH,plumber near me sharjah,15,1,Transactional,Zero competitor targets Sharjah
E-HEAD,best ac maintenance company dubai,14,5,Transactional,Core money term - all 5 competitors compete
E-HEAD,best handyman services dubai,14,5,Transactional,Core money term - all 5 competitors compete
A-GOLD,best majlis dubai,14,1,Transactional,No competitor coverage - you deliver it
A-GOLD,car parking shade companies in dubai,14,1,Transactional,No competitor coverage - you deliver it
A-GOLD,car parking shade price in uae,14,1,Commercial,No competitor coverage - you deliver it
B-SHARJAH,cleaning company sharjah,14,2,Transactional,Zero competitor targets Sharjah
B-SHARJAH,cleaning company sharjah price list,14,2,Commercial,Zero competitor targets Sharjah
A-GOLD,house clearance company dubai,14,1,Transactional,No competitor coverage - you deliver it
A-GOLD,shower glass partition dubai price,14,1,Commercial,No competitor coverage - you deliver it
E-HEAD,ac maintenance dubai 24 7 near me,13,3,Transactional,Core money term - all 5 competitors compete
E-HEAD,car deep cleaning dubai near me,13,3,Transactional,Core money term - all 5 competitors compete
B-SHARJAH,ac maintenance company sharjah,12,1,Transactional,Zero competitor targets Sharjah
D-BLOG,ac maintenance dubai price,12,4,Commercial,Blog/informational - builds topical authority
E-HEAD,ac repair dubai al quoz,12,6,Commercial,Core money term - all 5 competitors compete
D-BLOG,ac repair dubai price,12,4,Commercial,Blog/informational - builds topical authority
B-SHARJAH,ac repair sharjah price,12,1,Commercial,Zero competitor targets Sharjah
C-LOCAL,ac service dubai marina,12,4,Commercial,Neighbourhood page - thin competition
B-SHARJAH,ac service sharjah,12,1,Commercial,Zero competitor targets Sharjah
B-SHARJAH,ac service sharjah price,12,1,Commercial,Zero competitor targets Sharjah
E-HEAD,best emergency ac repair dubai,12,4,Transactional,Core money term - all 5 competitors compete
E-HEAD,best handyman services in dubai uae,12,4,Transactional,Core money term - all 5 competitors compete
E-HEAD,best home maintenance company dubai,12,4,Transactional,Core money term - all 5 competitors compete
E-HEAD,best plumbing services dubai,12,4,Transactional,Core money term - all 5 competitors compete
B-SHARJAH,building maintenance company sharjah,12,1,Transactional,Zero competitor targets Sharjah
B-SHARJAH,cheap plumber sharjah,12,1,Commercial,Zero competitor targets Sharjah
E-HEAD,cheapest ac repair dubai,12,4,Commercial,Core money term - all 5 competitors compete
B-SHARJAH,chiller maintenance company in sharjah,12,1,Transactional,Zero competitor targets Sharjah
E-HEAD,cleaning company dubai contact number,12,4,Transactional,Core money term - all 5 competitors compete
B-SHARJAH,cleaning services sharjah,12,1,Commercial,Zero competitor targets Sharjah
B-SHARJAH,cleaning services sharjah contact number,12,1,Transactional,Zero competitor targets Sharjah
B-SHARJAH,cleaning services sharjah muweilah,12,1,Commercial,Zero competitor targets Sharjah
B-SHARJAH,cleaning services sharjah open now,12,1,Commercial,Zero competitor targets Sharjah
B-SHARJAH,cleaning services sharjah today,12,1,Commercial,Zero competitor targets Sharjah
B-SHARJAH,cleaning services sharjah uae,12,1,Commercial,Zero competitor targets Sharjah
B-SHARJAH,deep cleaning services sharjah,12,1,Commercial,Zero competitor targets Sharjah
B-SHARJAH,electrical maintenance company in sharjah,12,1,Transactional,Zero competitor targets Sharjah
B-SHARJAH,emergency electrician sharjah,12,1,Transactional,Zero competitor targets Sharjah
B-SHARJAH,emergency plumber sharjah,12,1,Transactional,Zero competitor targets Sharjah
B-SHARJAH,general maintenance company in sharjah,12,1,Transactional,Zero competitor targets Sharjah
B-SHARJAH,handyman services sharjah,12,1,Commercial,Zero competitor targets Sharjah
E-HEAD,hmsd handyman services dubai,12,4,Commercial,Core money term - all 5 competitors compete
E-HEAD,home maintenance company dubai,12,4,Transactional,Core money term - all 5 competitors compete
B-SHARJAH,home maintenance services sharjah,12,1,Commercial,Zero competitor targets Sharjah
E-HEAD,list of maintenance company in dubai,12,4,Transactional,Core money term - all 5 competitors compete
B-SHARJAH,maintenance company sharjah,12,1,Transactional,Zero competitor targets Sharjah
B-SHARJAH,maintenance services sharjah,12,1,Commercial,Zero competitor targets Sharjah
D-BLOG,painting services in dubai price,12,4,Commercial,Blog/informational - builds topical authority
B-SHARJAH,plumber service sharjah,12,1,Commercial,Zero competitor targets Sharjah
B-SHARJAH,plumber sharjah prices,12,1,Commercial,Zero competitor targets Sharjah
E-HEAD,plumbing services company in dubai,12,4,Transactional,Core money term - all 5 competitors compete
A-GOLD,shower glass installation dubai,12,2,Commercial,No competitor coverage - you deliver it
A-GOLD,what is majlis in uae,12,1,Informational,No competitor coverage - you deliver it
E-HEAD,cleaning company dubai near me,11,2,Transactional,Core money term - all 5 competitors compete
E-HEAD,near me instrument shop,11,2,Transactional,Core money term - all 5 competitors compete
E-HEAD,ac maintenance company dubai,10,3,Transactional,Core money term - all 5 competitors compete
C-LOCAL,ac maintenance dubai marina,10,5,Commercial,Neighbourhood page - thin competition
C-LOCAL,ac repair dubai marina,10,5,Commercial,Neighbourhood page - thin competition
E-HEAD,ac repair dubai silicon oasis,10,5,Commercial,Core money term - all 5 competitors compete
E-HEAD,ac service dubai car,10,3,Commercial,Core money term - all 5 competitors compete
E-HEAD,affordable home maintenance dubai,10,3,Commercial,Core money term - all 5 competitors compete
A-GOLD,antique furniture restoration dubai,10,1,Commercial,No competitor coverage - you deliver it
E-HEAD,best ac deep cleaning dubai,10,3,Transactional,Core money term - all 5 competitors compete
E-HEAD,best ac maintenance dubai,10,3,Transactional,Core money term - all 5 competitors compete
E-HEAD,best ac repair dubai,10,3,Transactional,Core money term - all 5 competitors compete
E-HEAD,best home deep cleaning dubai,10,3,Transactional,Core money term - all 5 competitors compete
A-GOLD,buy majlis dubai,10,1,Commercial,No competitor coverage - you deliver it
A-GOLD,car garage dubai,10,1,Commercial,No competitor coverage - you deliver it
A-GOLD,car garage dubai al quoz,10,1,Commercial,No competitor coverage - you deliver it
A-GOLD,car garage dubai investment park,10,1,Commercial,No competitor coverage - you deliver it
A-GOLD,car garage dubai ras al khor,10,1,Commercial,No competitor coverage - you deliver it
A-GOLD,car parking shade dubai,10,1,Commercial,No competitor coverage - you deliver it
A-GOLD,car parking shade suppliers in dubai,10,1,Commercial,No competitor coverage - you deliver it
A-GOLD,carport dubai,10,1,Commercial,No competitor coverage - you deliver it
C-LOCAL,cleaning company dubai marina,10,3,Transactional,Neighbourhood page - thin competition
E-HEAD,cleaning company dubai south,10,3,Transactional,Core money term - all 5 competitors compete
A-GOLD,custom shower glass dubai,10,1,Commercial,No competitor coverage - you deliver it
E-HEAD,emergency plumber dubai 24 hours,10,3,Transactional,Core money term - all 5 competitors compete
D-BLOG,emergency plumber dubai price,10,3,Commercial,Blog/informational - builds topical authority
E-HEAD,expert handyman services dubai,10,3,Commercial,Core money term - all 5 competitors compete
A-GOLD,furniture restoration dubai,10,1,Commercial,No competitor coverage - you deliver it
E-HEAD,handyman company dubai,10,3,Transactional,Core money term - all 5 competitors compete
E-HEAD,handyman dubai services,10,3,Commercial,Core money term - all 5 competitors compete
E-HEAD,home maintenance services dubai,10,3,Commercial,Core money term - all 5 competitors compete
A-GOLD,house clearance dubai,10,1,Commercial,No competitor coverage - you deliver it
E-HEAD,maintenance services in dubai,10,3,Commercial,Core money term - all 5 competitors compete
A-GOLD,majlis design dubai,10,1,Commercial,No competitor coverage - you deliver it
A-GOLD,majlis dubai,10,1,Commercial,No competitor coverage - you deliver it
A-GOLD,majlis interior design dubai,10,1,Commercial,No competitor coverage - you deliver it
A-GOLD,outdoor majlis dubai,10,1,Commercial,No competitor coverage - you deliver it
E-HEAD,right fixers handyman dubai services,10,3,Commercial,Core money term - all 5 competitors compete
A-GOLD,rubbish clearance dubai,10,1,Commercial,No competitor coverage - you deliver it
A-GOLD,shower glass door dubai,10,1,Commercial,No competitor coverage - you deliver it
A-GOLD,shower glass dubai,10,1,Commercial,No competitor coverage - you deliver it
A-GOLD,shower glass panel dubai,10,1,Commercial,No competitor coverage - you deliver it
A-GOLD,shower glass partition dubai,10,1,Commercial,No competitor coverage - you deliver it
A-GOLD,solar carport dubai,10,1,Commercial,No competitor coverage - you deliver it
E-HEAD,speedofix handyman services dubai,10,3,Commercial,Core money term - all 5 competitors compete
E-HEAD,tbnts handyman services dubai,10,3,Commercial,Core money term - all 5 competitors compete
A-GOLD,wooden furniture restoration dubai,10,1,Commercial,No competitor coverage - you deliver it
E-HEAD,ac maintenance near me dubai,9,1,Transactional,Core money term - all 5 competitors compete
E-HEAD,carpenter dubai near me,9,1,Transactional,Core money term - all 5 competitors compete
E-HEAD,cleaning services dubai near me,9,1,Transactional,Core money term - all 5 competitors compete
E-HEAD,curtain cleaning dubai near me,9,1,Transactional,Core money term - all 5 competitors compete
E-HEAD,electrician near me dubai,9,1,Transactional,Core money term - all 5 competitors compete
E-HEAD,handyman cheap near me,9,1,Transactional,Core money term - all 5 competitors compete
E-HEAD,home cleaning services dubai near me,9,1,Transactional,Core money term - all 5 competitors compete
E-HEAD,house movers near me dubai,9,1,Transactional,Core money term - all 5 competitors compete
E-HEAD,junk removal dubai near me,9,1,Transactional,Core money term - all 5 competitors compete
E-HEAD,local electrician shop near me,9,1,Transactional,Core money term - all 5 competitors compete
E-HEAD,local electricians near me,9,1,Transactional,Core money term - all 5 competitors compete
E-HEAD,local movers near me cheap,9,1,Transactional,Core money term - all 5 competitors compete
E-HEAD,mirror installation near me,9,1,Transactional,Core money term - all 5 competitors compete
E-HEAD,move in move out cleaning near me,9,1,Transactional,Core money term - all 5 competitors compete
E-HEAD,move in move out cleaning services near me,9,1,Transactional,Core money term - all 5 competitors compete
E-HEAD,movers near me dubai,9,1,Transactional,Core money term - all 5 competitors compete
E-HEAD,near me electrical,9,1,Transactional,Core money term - all 5 competitors compete
E-HEAD,near me emergency,9,1,Transactional,Core money term - all 5 competitors compete
E-HEAD,pest control dubai near me,9,1,Transactional,Core money term - all 5 competitors compete
E-HEAD,plumber near me dubai,9,1,Transactional,Core money term - all 5 competitors compete
E-HEAD,private ac repair near me,9,1,Transactional,Core money term - all 5 competitors compete
E-HEAD,sofa cleaning dubai near me,9,1,Transactional,Core money term - all 5 competitors compete
E-HEAD,upholstery dubai near me,9,1,Transactional,Core money term - all 5 competitors compete
E-HEAD,ac annual maintenance contract dubai,8,2,Commercial,Core money term - all 5 competitors compete
D-BLOG,ac cleaning service dubai price,8,2,Commercial,Blog/informational - builds topical authority
E-HEAD,ac dealers in dubai,8,4,Commercial,Core money term - all 5 competitors compete
D-BLOG,ac deep cleaning dubai price,8,2,Commercial,Blog/informational - builds topical authority
E-HEAD,ac maintenance contract dubai,8,2,Commercial,Core money term - all 5 competitors compete
D-BLOG,ac maintenance cost dubai,8,2,Commercial,Blog/informational - builds topical authority
E-HEAD,ac maintenance dubai hills,8,4,Commercial,Core money term - all 5 competitors compete
E-HEAD,ac maintenance dubai llc,8,4,Commercial,Core money term - all 5 competitors compete
E-HEAD,ac maintenance services dubai,8,2,Commercial,Core money term - all 5 competitors compete
B-SHARJAH,ac maintenance sharjah,8,1,Commercial,Zero competitor targets Sharjah
E-HEAD,ac repair company dubai,8,2,Transactional,Core money term - all 5 competitors compete
D-BLOG,ac repair dubai cost,8,2,Commercial,Blog/informational - builds topical authority
E-HEAD,ac repair dubai hills,8,4,Commercial,Core money term - all 5 competitors compete
E-HEAD,ac repair dubai south,8,4,Commercial,Core money term - all 5 competitors compete
E-HEAD,ac repair services dubai,8,2,Commercial,Core money term - all 5 competitors compete
B-SHARJAH,ac repair sharjah,8,1,Commercial,Zero competitor targets Sharjah
B-SHARJAH,ac repair sharjah abu shagara,8,1,Commercial,Zero competitor targets Sharjah
B-SHARJAH,ac repair sharjah al nahda,8,1,Commercial,Zero competitor targets Sharjah
B-SHARJAH,ac repair sharjah muweilah,8,1,Commercial,Zero competitor targets Sharjah
B-SHARJAH,ac repair sharjah rolla,8,1,Commercial,Zero competitor targets Sharjah
E-HEAD,ac service bur dubai,8,2,Commercial,Core money term - all 5 competitors compete
E-HEAD,ac service company dubai,8,2,Transactional,Core money term - all 5 competitors compete
D-BLOG,ac service dubai cost,8,2,Commercial,Blog/informational - builds topical authority
D-BLOG,ac service dubai price,8,2,Commercial,Blog/informational - builds topical authority
E-HEAD,ac service in dubai,8,2,Commercial,Core money term - all 5 competitors compete
D-BLOG,ac service in dubai price,8,2,Commercial,Blog/informational - builds topical authority
E-HEAD,ac service near dubai,8,2,Commercial,Core money term - all 5 competitors compete
E-HEAD,ac used in dubai,8,4,Commercial,Core money term - all 5 competitors compete
E-HEAD,air conditioning service in dubai,8,2,Commercial,Core money term - all 5 competitors compete
E-HEAD,al maarifa building maintenance company dubai,8,2,Transactional,Core money term - all 5 competitors compete
E-HEAD,al sultan facility maintenance company dubai,8,2,Transactional,Core money term - all 5 competitors compete
D-BLOG,apartment painting services in dubai price,8,2,Commercial,Blog/informational - builds topical authority
E-HEAD,aqua plumber dubai water pump services,8,2,Commercial,Core money term - all 5 competitors compete
B-SHARJAH,auto electrician sharjah,8,1,Commercial,Zero competitor targets Sharjah
E-HEAD,best ac repair company dubai,8,2,Transactional,Core money term - all 5 competitors compete
E-HEAD,best ac repair service dubai,8,2,Transactional,Core money term - all 5 competitors compete
E-HEAD,best ac service dubai,8,2,Transactional,Core money term - all 5 competitors compete
E-HEAD,best car deep cleaning dubai,8,2,Transactional,Core money term - all 5 competitors compete
E-HEAD,best deep cleaning company dubai,8,2,Transactional,Core money term - all 5 competitors compete
E-HEAD,best deep cleaning dubai,8,2,Transactional,Core money term - all 5 competitors compete
E-HEAD,best deep cleaning services dubai,8,2,Transactional,Core money term - all 5 competitors compete
E-HEAD,best electrician dubai,8,2,Transactional,Core money term - all 5 competitors compete
E-HEAD,best emergency plumber dubai,8,2,Transactional,Core money term - all 5 competitors compete
E-HEAD,best handyman dubai,8,2,Transactional,Core money term - all 5 competitors compete
E-HEAD,best move in cleaning dubai,8,2,Transactional,Core money term - all 5 competitors compete
C-LOCAL,best movers and packers in dubai marina,8,2,Transactional,Neighbourhood page - thin competition
C-LOCAL,best painting services in dubai marina,8,2,Transactional,Neighbourhood page - thin competition
D-BLOG,best painting services in dubai price,8,2,Commercial,Blog/informational - builds topical authority
E-HEAD,best plumber dubai,8,2,Transactional,Core money term - all 5 competitors compete
B-SHARJAH,car electrician sharjah,8,1,Commercial,Zero competitor targets Sharjah
E-HEAD,cheap ac repair dubai,8,2,Commercial,Core money term - all 5 competitors compete
E-HEAD,cheap deep cleaning dubai,8,2,Commercial,Core money term - all 5 competitors compete
E-HEAD,cheap movers dubai,8,2,Commercial,Core money term - all 5 competitors compete
E-HEAD,cheapest ac maintenance dubai,8,2,Commercial,Core money term - all 5 competitors compete
E-HEAD,cheapest ac service dubai,8,2,Commercial,Core money term - all 5 competitors compete
E-HEAD,cleaning and maintenance company dubai,8,2,Transactional,Core money term - all 5 competitors compete
E-HEAD,cleaning company dubai,8,2,Transactional,Core money term - all 5 competitors compete
E-HEAD,cleaning company dubai careers,8,2,Transactional,Core money term - all 5 competitors compete
E-HEAD,cleaning company dubai open now,8,2,Transactional,Core money term - all 5 competitors compete
E-HEAD,cleaning company dubai silicon oasis,8,2,Transactional,Core money term - all 5 competitors compete
D-BLOG,cost of movers dubai,8,2,Commercial,Blog/informational - builds topical authority
E-HEAD,deep cleaning dubai move in,8,4,Commercial,Core money term - all 5 competitors compete
E-HEAD,deep cleaning services dubai car,8,2,Commercial,Core money term - all 5 competitors compete
E-HEAD,deep cleaning services dubai contact number,8,2,Transactional,Core money term - all 5 competitors compete
C-LOCAL,deep cleaning services dubai marina,8,2,Commercial,Neighbourhood page - thin competition
E-HEAD,deep cleaning services dubai open now,8,2,Commercial,Core money term - all 5 competitors compete
D-BLOG,deep cleaning services dubai price,8,2,Commercial,Blog/informational - builds topical authority
D-BLOG,deep cleaning services dubai price per hour,8,2,Commercial,Blog/informational - builds topical authority
D-BLOG,deep cleansing facial dubai price,8,2,Commercial,Blog/informational - builds topical authority
E-HEAD,dubai electrician company name,8,2,Transactional,Core money term - all 5 competitors compete
E-HEAD,dubai maintenance company list pdf,8,2,Transactional,Core money term - all 5 competitors compete
E-HEAD,dubai maintenance company name list,8,2,Transactional,Core money term - all 5 competitors compete
E-HEAD,dubai plumber company name,8,2,Transactional,Core money term - all 5 competitors compete
B-SHARJAH,electrician al nahda sharjah,8,1,Commercial,Zero competitor targets Sharjah
B-SHARJAH,electrician sharjah,8,1,Commercial,Zero competitor targets Sharjah
C-LOCAL,emergency plumber dubai marina,8,2,Transactional,Neighbourhood page - thin competition
E-HEAD,fixit dubai handyman services,8,2,Commercial,Core money term - all 5 competitors compete
B-SHARJAH,furniture movers sharjah,8,1,Commercial,Zero competitor targets Sharjah
E-HEAD,furniture painting services dubai,8,2,Commercial,Core money term - all 5 competitors compete
C-LOCAL,handyman dubai marina,8,4,Commercial,Neighbourhood page - thin competition
E-HEAD,handyman dubai same day,8,2,Transactional,Core money term - all 5 competitors compete
E-HEAD,handyman services dubai,8,2,Commercial,Core money term - all 5 competitors compete
E-HEAD,handyman services in dubai,8,2,Commercial,Core money term - all 5 competitors compete
B-SHARJAH,handyman sharjah,8,1,Commercial,Zero competitor targets Sharjah
B-SHARJAH,home electrician sharjah,8,1,Commercial,Zero competitor targets Sharjah
E-HEAD,home maintenance company in dubai,8,2,Transactional,Core money term - all 5 competitors compete
E-HEAD,home maintenance services company in dubai,8,2,Transactional,Core money term - all 5 competitors compete
E-HEAD,home maintenance services in dubai,8,2,Commercial,Core money term - all 5 competitors compete
B-SHARJAH,home maintenance sharjah,8,1,Commercial,Zero competitor targets Sharjah
D-BLOG,how much is a house in dubai cost,8,1,Informational,Blog/informational - builds topical authority
D-BLOG,how to open maintenance company in dubai,8,1,Informational,Blog/informational - builds topical authority
E-HEAD,hvac maintenance company dubai,8,2,Transactional,Core money term - all 5 competitors compete
D-BLOG,is electricity cheap in dubai,8,1,Informational,Blog/informational - builds topical authority
E-HEAD,maintenance and technical services company dubai uae,8,2,Transactional,Core money term - all 5 competitors compete
E-HEAD,maintenance company dubai,8,2,Transactional,Core money term - all 5 competitors compete
E-HEAD,maintenance company in dubai list,8,2,Transactional,Core money term - all 5 competitors compete
E-HEAD,maintenance company in the villa dubai,8,2,Transactional,Core money term - all 5 competitors compete
E-HEAD,maintenance services dubai,8,2,Commercial,Core money term - all 5 competitors compete
E-HEAD,move in cleaning service dubai,8,2,Commercial,Core money term - all 5 competitors compete
E-HEAD,move out painting services dubai,8,2,Commercial,Core money term - all 5 competitors compete
D-BLOG,movers and packers dubai price,8,2,Commercial,Blog/informational - builds topical authority
E-HEAD,painting company dubai,8,2,Transactional,Core money term - all 5 competitors compete
E-HEAD,plumber dubai emergency plumbing in dubai,8,2,Transactional,Core money term - all 5 competitors compete
B-SHARJAH,plumber in muweilah sharjah,8,1,Commercial,Zero competitor targets Sharjah
B-SHARJAH,plumber sharjah,8,1,Commercial,Zero competitor targets Sharjah
E-HEAD,plumbing company dubai,8,2,Transactional,Core money term - all 5 competitors compete
D-BLOG,price of ac in dubai,8,2,Commercial,Blog/informational - builds topical authority
E-HEAD,property maintenance company dubai,8,2,Transactional,Core money term - all 5 competitors compete
E-HEAD,service company dubai,8,2,Transactional,Core money term - all 5 competitors compete
E-HEAD,vfix ac maintenance company dubai,8,2,Transactional,Core money term - all 5 competitors compete
D-BLOG,villa deep cleaning services dubai price,8,2,Commercial,Blog/informational - builds topical authority
E-HEAD,vintage iconic building maintenance company dubai,8,2,Transactional,Core money term - all 5 competitors compete
E-HEAD,well done handyman services dubai,8,2,Commercial,Core money term - all 5 competitors compete
B-SHARJAH,yaqoob electrician sharjah,8,1,Commercial,Zero competitor targets Sharjah
E-HEAD,24 hour ac repair dubai,6,1,Commercial,Core money term - all 5 competitors compete
E-HEAD,24 hour plumber dubai,6,1,Commercial,Core money term - all 5 competitors compete
D-BLOG,ac cleaning dubai price,6,1,Commercial,Blog/informational - builds topical authority
D-BLOG,ac coil cleaning dubai price,6,1,Commercial,Blog/informational - builds topical authority
E-HEAD,ac coil cleaning services dubai,6,1,Commercial,Core money term - all 5 competitors compete
D-BLOG,ac duct cleaning dubai price,6,1,Commercial,Blog/informational - builds topical authority
E-HEAD,ac duct deep cleaning dubai,6,3,Commercial,Core money term - all 5 competitors compete
D-BLOG,ac gas refill dubai price,6,1,Commercial,Blog/informational - builds topical authority
E-HEAD,ac maintenance company in dubai,6,1,Transactional,Core money term - all 5 competitors compete
E-HEAD,ac maintenance dubai,6,3,Commercial,Core money term - all 5 competitors compete
E-HEAD,ac refrigerator service repair dubai,6,1,Commercial,Core money term - all 5 competitors compete
E-HEAD,ac repair dubai,6,3,Commercial,Core money term - all 5 competitors compete
C-LOCAL,ac repair dubai deira,6,3,Commercial,Neighbourhood page - thin competition
E-HEAD,ac repair near dubai international city,6,3,Commercial,Core money term - all 5 competitors compete
D-BLOG,ac servicing cost dubai,6,1,Commercial,Blog/informational - builds topical authority
E-HEAD,affordable movers dubai moving company,6,1,Transactional,Core money term - all 5 competitors compete
E-HEAD,airbnb maintenance company dubai,6,1,Transactional,Core money term - all 5 competitors compete
E-HEAD,aircraft maintenance company dubai,6,1,Transactional,Core money term - all 5 competitors compete
E-HEAD,amc ac maintenance dubai,6,1,Commercial,Core money term - all 5 competitors compete
E-HEAD,annual maintenance contract companies in dubai,6,1,Transactional,Core money term - all 5 competitors compete
E-HEAD,annual maintenance contract dubai,6,1,Commercial,Core money term - all 5 competitors compete
E-HEAD,annual maintenance contract dubai sample,6,1,Commercial,Core money term - all 5 competitors compete
E-HEAD,annual maintenance contract for villa dubai,6,1,Commercial,Core money term - all 5 competitors compete
E-HEAD,annual maintenance contract services in dubai,6,1,Commercial,Core money term - all 5 competitors compete
E-HEAD,best ac cleaning service dubai,6,1,Transactional,Core money term - all 5 competitors compete
E-HEAD,best ac duct cleaning dubai,6,1,Transactional,Core money term - all 5 competitors compete
E-HEAD,best car electrician in dubai,6,1,Transactional,Core money term - all 5 competitors compete
E-HEAD,best curtain cleaning dubai,6,1,Transactional,Core money term - all 5 competitors compete
E-HEAD,best deep cleaning in dubai,6,1,Transactional,Core money term - all 5 competitors compete
E-HEAD,best electrician company in dubai,6,1,Transactional,Core money term - all 5 competitors compete
E-HEAD,best furniture painting dubai,6,1,Transactional,Core money term - all 5 competitors compete
E-HEAD,best garage dubai,6,1,Transactional,Core money term - all 5 competitors compete
E-HEAD,best handyman in dubai,6,1,Transactional,Core money term - all 5 competitors compete
E-HEAD,best handyman services in dubai,6,1,Transactional,Core money term - all 5 competitors compete
E-HEAD,best home cleaning dubai,6,1,Transactional,Core money term - all 5 competitors compete
E-HEAD,best home cleaning services dubai,6,1,Transactional,Core money term - all 5 competitors compete
E-HEAD,best home maintenance company in dubai,6,1,Transactional,Core money term - all 5 competitors compete
E-HEAD,best home maintenance dubai,6,1,Transactional,Core money term - all 5 competitors compete
E-HEAD,best home maintenance services in dubai,6,1,Transactional,Core money term - all 5 competitors compete
E-HEAD,best maintenance company dubai,6,1,Transactional,Core money term - all 5 competitors compete
E-HEAD,best mattress cleaning dubai,6,1,Transactional,Core money term - all 5 competitors compete
E-HEAD,best movers and packers dubai,6,1,Transactional,Core money term - all 5 competitors compete
E-HEAD,best movers dubai,6,1,Transactional,Core money term - all 5 competitors compete
C-LOCAL,best movers in dubai marina,6,1,Transactional,Neighbourhood page - thin competition
E-HEAD,best movers in dubai with cheap rates,6,1,Transactional,Core money term - all 5 competitors compete
E-HEAD,best movers packers dubai,6,1,Transactional,Core money term - all 5 competitors compete
E-HEAD,best moving company dubai,6,1,Transactional,Core money term - all 5 competitors compete
E-HEAD,best painting services dubai,6,1,Transactional,Core money term - all 5 competitors compete
E-HEAD,best painting services in dubai,6,1,Transactional,Core money term - all 5 competitors compete
E-HEAD,best plumbing company dubai,6,1,Transactional,Core money term - all 5 competitors compete
E-HEAD,best plumbing dubai,6,1,Transactional,Core money term - all 5 competitors compete
E-HEAD,best plumbing services in dubai,6,1,Transactional,Core money term - all 5 competitors compete
E-HEAD,best villa movers and packers in dubai,6,1,Transactional,Core money term - all 5 competitors compete
E-HEAD,best villa movers dubai,6,1,Transactional,Core money term - all 5 competitors compete
E-HEAD,best villa painting services in dubai,6,1,Transactional,Core money term - all 5 competitors compete
E-HEAD,best water tank cleaning dubai,6,1,Transactional,Core money term - all 5 competitors compete
E-HEAD,bmu maintenance company in dubai,6,1,Transactional,Core money term - all 5 competitors compete
E-HEAD,book electrician dubai,6,1,Transactional,Core money term - all 5 competitors compete
E-HEAD,book handyman dubai,6,1,Transactional,Core money term - all 5 competitors compete
E-HEAD,book plumber dubai,6,1,Transactional,Core money term - all 5 competitors compete
E-HEAD,british maintenance company dubai,6,1,Transactional,Core money term - all 5 competitors compete
E-HEAD,building maintenance company dubai,6,1,Transactional,Core money term - all 5 competitors compete
E-HEAD,building maintenance company in the villa dubai,6,1,Transactional,Core money term - all 5 competitors compete
E-HEAD,car deep cleaning dubai home service,6,1,Commercial,Core money term - all 5 competitors compete
D-BLOG,car deep cleaning dubai price,6,1,Commercial,Blog/informational - builds topical authority
D-BLOG,car interior deep cleaning dubai price,6,1,Commercial,Blog/informational - builds topical authority
D-BLOG,central ac compressor price in uae,6,1,Commercial,Blog/informational - builds topical authority
E-HEAD,cheap curtain installation dubai,6,1,Commercial,Core money term - all 5 competitors compete
E-HEAD,cheap deep cleaning services dubai,6,1,Commercial,Core money term - all 5 competitors compete
E-HEAD,cheap electrician dubai,6,1,Commercial,Core money term - all 5 competitors compete
E-HEAD,cheap furniture movers dubai,6,1,Commercial,Core money term - all 5 competitors compete
E-HEAD,cheap furniture painting dubai,6,1,Commercial,Core money term - all 5 competitors compete
E-HEAD,cheap garage dubai,6,1,Commercial,Core money term - all 5 competitors compete
E-HEAD,cheap handyman dubai,6,1,Commercial,Core money term - all 5 competitors compete
E-HEAD,cheap handyman services dubai,6,1,Commercial,Core money term - all 5 competitors compete
E-HEAD,cheap home cleaning dubai,6,1,Commercial,Core money term - all 5 competitors compete
E-HEAD,cheap mattress cleaning dubai,6,1,Commercial,Core money term - all 5 competitors compete
E-HEAD,cheap movers and packers dubai,6,1,Commercial,Core money term - all 5 competitors compete
C-LOCAL,cheap movers and packers in dubai marina,6,1,Commercial,Neighbourhood page - thin competition
E-HEAD,cheap movers in dubai,6,1,Commercial,Core money term - all 5 competitors compete
C-LOCAL,cheap movers in dubai marina,6,1,Commercial,Neighbourhood page - thin competition
E-HEAD,cheap office deep cleaning services dubai,6,1,Commercial,Core money term - all 5 competitors compete
E-HEAD,cheap painting services dubai,6,1,Commercial,Core money term - all 5 competitors compete
E-HEAD,cheap plumber dubai,6,1,Commercial,Core money term - all 5 competitors compete
E-HEAD,cheap villa painting services in dubai,6,1,Commercial,Core money term - all 5 competitors compete
E-HEAD,cheapest ac duct cleaning dubai,6,1,Commercial,Core money term - all 5 competitors compete
E-HEAD,cheapest deep cleaning dubai,6,1,Commercial,Core money term - all 5 competitors compete
E-HEAD,cheapest furniture movers dubai,6,1,Commercial,Core money term - all 5 competitors compete
E-HEAD,cheapest home cleaning dubai,6,1,Commercial,Core money term - all 5 competitors compete
E-HEAD,chicago maintenance company dubai,6,1,Transactional,Core money term - all 5 competitors compete
E-HEAD,chiller maintenance company dubai,6,1,Transactional,Core money term - all 5 competitors compete
E-HEAD,cleaning company airbnb dubai,6,1,Transactional,Core money term - all 5 competitors compete
E-HEAD,cleaning company at dubai,6,1,Transactional,Core money term - all 5 competitors compete
E-HEAD,cleaning company bur dubai,6,1,Transactional,Core money term - all 5 competitors compete
C-LOCAL,cleaning company dubai business bay,6,1,Transactional,Neighbourhood page - thin competition
E-HEAD,cleaning company dubai cheap,6,1,Transactional,Core money term - all 5 competitors compete
E-HEAD,cleaning company dubai hills,6,1,Transactional,Core money term - all 5 competitors compete
C-LOCAL,cleaning company dubai jvc,6,1,Transactional,Neighbourhood page - thin competition
E-HEAD,cleaning company dubai list,6,1,Transactional,Core money term - all 5 competitors compete
D-BLOG,cleaning company dubai price,6,1,Commercial,Blog/informational - builds topical authority
E-HEAD,cleaning company filipino dubai,6,1,Transactional,Core money term - all 5 competitors compete
E-HEAD,cleaning company in dubai,6,1,Transactional,Core money term - all 5 competitors compete
C-LOCAL,cleaning company in dubai marina,6,1,Transactional,Neighbourhood page - thin competition
E-HEAD,cleaning company in dubai silicon oasis,6,1,Transactional,Core money term - all 5 competitors compete
E-HEAD,cleaning company in dubai south,6,1,Transactional,Core money term - all 5 competitors compete
E-HEAD,cleaning company in dubai uae,6,1,Transactional,Core money term - all 5 competitors compete
E-HEAD,cleaning company license dubai,6,1,Transactional,Core money term - all 5 competitors compete
E-HEAD,cleaning company name dubai,6,1,Transactional,Core money term - all 5 competitors compete
E-HEAD,cleaning company near dubai,6,1,Transactional,Core money term - all 5 competitors compete
E-HEAD,cleaning services dubai,6,1,Commercial,Core money term - all 5 competitors compete
E-HEAD,cleaning services dubai 24 7,6,1,Commercial,Core money term - all 5 competitors compete
E-HEAD,cleaning services dubai cheap,6,1,Commercial,Core money term - all 5 competitors compete
C-LOCAL,cleaning services dubai deira,6,1,Commercial,Neighbourhood page - thin competition
E-HEAD,cleaning services dubai per hour,6,1,Commercial,Core money term - all 5 competitors compete
E-HEAD,cleaning services dubai silicon oasis,6,1,Commercial,Core money term - all 5 competitors compete
E-HEAD,cleaning services dubai south,6,1,Commercial,Core money term - all 5 competitors compete
E-HEAD,cleaning services dubai today,6,1,Commercial,Core money term - all 5 competitors compete
D-BLOG,cost of moving to dubai,6,1,Commercial,Blog/informational - builds topical authority
D-BLOG,cost of moving to dubai from uk,6,1,Commercial,Blog/informational - builds topical authority
D-BLOG,cost of moving to dubai from us,6,1,Commercial,Blog/informational - builds topical authority
D-BLOG,cost of relocation to dubai,6,1,Commercial,Blog/informational - builds topical authority
D-BLOG,curtain cleaning dubai price,6,1,Commercial,Blog/informational - builds topical authority
E-HEAD,curtain cleaning service dubai,6,1,Commercial,Core money term - all 5 competitors compete
D-BLOG,curtain installation dubai price,6,1,Commercial,Blog/informational - builds topical authority
E-HEAD,curtain installation service dubai,6,1,Commercial,Core money term - all 5 competitors compete
D-BLOG,curtain price in dubai,6,1,Commercial,Blog/informational - builds topical authority
E-HEAD,decluttering company dubai,6,1,Transactional,Core money term - all 5 competitors compete
E-HEAD,decluttering service dubai,6,1,Commercial,Core money term - all 5 competitors compete
E-HEAD,deep cleaning cheap dubai,6,1,Commercial,Core money term - all 5 competitors compete
E-HEAD,deep cleaning company dubai,6,1,Transactional,Core money term - all 5 competitors compete
E-HEAD,deep cleaning company in dubai,6,1,Transactional,Core money term - all 5 competitors compete
D-BLOG,deep cleaning cost dubai,6,1,Commercial,Blog/informational - builds topical authority
E-HEAD,deep cleaning dubai apartment,6,3,Commercial,Core money term - all 5 competitors compete
E-HEAD,deep cleaning dubai car,6,3,Commercial,Core money term - all 5 competitors compete
E-HEAD,deep cleaning dubai hills,6,3,Commercial,Core money term - all 5 competitors compete
C-LOCAL,deep cleaning dubai marina,6,3,Commercial,Neighbourhood page - thin competition
E-HEAD,deep cleaning dubai south,6,3,Commercial,Core money term - all 5 competitors compete
E-HEAD,deep cleaning home services dubai,6,1,Commercial,Core money term - all 5 competitors compete
D-BLOG,deep cleaning in dubai price,6,1,Commercial,Blog/informational - builds topical authority
E-HEAD,deep cleaning service in dubai clean now,6,1,Commercial,Core money term - all 5 competitors compete
E-HEAD,deep cleaning services dubai,6,1,Commercial,Core money term - all 5 competitors compete
E-HEAD,deep cleaning services dubai cheap,6,1,Commercial,Core money term - all 5 competitors compete
C-LOCAL,deep cleaning services dubai jvc,6,1,Commercial,Neighbourhood page - thin competition
E-HEAD,deep cleaning services dubai office,6,1,Commercial,Core money term - all 5 competitors compete
E-HEAD,deep cleaning services in dubai,6,1,Commercial,Core money term - all 5 competitors compete
D-BLOG,deep cleaning teeth cost dubai,6,1,Commercial,Blog/informational - builds topical authority
E-HEAD,dubai electrical company,6,1,Transactional,Core money term - all 5 competitors compete
E-HEAD,dubai electrical engineering companies,6,1,Transactional,Core money term - all 5 competitors compete
E-HEAD,dubai electrical trading company,6,1,Transactional,Core money term - all 5 competitors compete
E-HEAD,dubai electrician number,6,1,Transactional,Core money term - all 5 competitors compete
E-HEAD,dubai electrician rate,6,1,Commercial,Core money term - all 5 competitors compete
E-HEAD,dubai ki maintenance company,6,1,Transactional,Core money term - all 5 competitors compete
E-HEAD,dubai maintenance company name,6,1,Transactional,Core money term - all 5 competitors compete
E-HEAD,dubai maintenance company vacancy,6,1,Transactional,Core money term - all 5 competitors compete
E-HEAD,dubai mein maintenance company,6,1,Transactional,Core money term - all 5 competitors compete
E-HEAD,dubai metro maintenance company,6,1,Transactional,Core money term - all 5 competitors compete
E-HEAD,dubai plumber company,6,1,Transactional,Core money term - all 5 competitors compete
E-HEAD,ejadah maintenance company dubai,6,1,Transactional,Core money term - all 5 competitors compete
E-HEAD,electric vehicle services dubai,6,1,Commercial,Core money term - all 5 competitors compete
E-HEAD,electrical companies in uae,6,1,Transactional,Core money term - all 5 competitors compete
E-HEAD,electrical company dubai,6,1,Transactional,Core money term - all 5 competitors compete
E-HEAD,electrical maintenance company dubai,6,1,Transactional,Core money term - all 5 competitors compete
E-HEAD,electrical maintenance services dubai,6,1,Commercial,Core money term - all 5 competitors compete
D-BLOG,electrician cost dubai,6,1,Commercial,Blog/informational - builds topical authority
E-HEAD,electrician dubai 24 7 technical services,6,1,Commercial,Core money term - all 5 competitors compete
E-HEAD,electrician dubai company,6,1,Transactional,Core money term - all 5 competitors compete
E-HEAD,electrician dubai interview,6,3,Commercial,Core money term - all 5 competitors compete
C-LOCAL,electrician dubai marina,6,3,Commercial,Neighbourhood page - thin competition
D-BLOG,electrician dubai price,6,1,Commercial,Blog/informational - builds topical authority
E-HEAD,electrician dubai south,6,3,Commercial,Core money term - all 5 competitors compete
E-HEAD,electrician hourly rate dubai,6,1,Commercial,Core money term - all 5 competitors compete
E-HEAD,electrician services dubai,6,1,Commercial,Core money term - all 5 competitors compete
E-HEAD,elevator maintenance company dubai,6,1,Transactional,Core money term - all 5 competitors compete
E-HEAD,emaar maintenance company dubai,6,1,Transactional,Core money term - all 5 competitors compete
E-HEAD,emergency ac repair dubai,6,1,Transactional,Core money term - all 5 competitors compete
E-HEAD,emergency handyman dubai,6,1,Transactional,Core money term - all 5 competitors compete
E-HEAD,emergency handyman services dubai,6,1,Transactional,Core money term - all 5 competitors compete
E-HEAD,emergency plumber dubai,6,1,Transactional,Core money term - all 5 competitors compete
E-HEAD,expert handyman services in dubai,6,1,Commercial,Core money term - all 5 competitors compete
E-HEAD,facility maintenance company dubai,6,1,Transactional,Core money term - all 5 competitors compete
E-HEAD,fire annual maintenance contract amc dubai,6,1,Commercial,Core money term - all 5 competitors compete
E-HEAD,fire maintenance company in dubai,6,1,Transactional,Core money term - all 5 competitors compete
E-HEAD,floor deep cleaning services dubai,6,1,Commercial,Core money term - all 5 competitors compete
E-HEAD,furniture assembly service dubai,6,1,Commercial,Core money term - all 5 competitors compete
E-HEAD,garage painting services dubai,6,1,Commercial,Core money term - all 5 competitors compete
E-HEAD,garden maintenance company dubai,6,1,Transactional,Core money term - all 5 competitors compete
E-HEAD,general maintenance company dubai,6,1,Transactional,Core money term - all 5 competitors compete
E-HEAD,generator maintenance company in dubai,6,1,Transactional,Core money term - all 5 competitors compete
E-HEAD,good maintenance company dubai,6,1,Transactional,Core money term - all 5 competitors compete
E-HEAD,handyman companies in dubai,6,1,Transactional,Core money term - all 5 competitors compete
E-HEAD,handyman company in dubai,6,1,Transactional,Core money term - all 5 competitors compete
E-HEAD,handyman dubai ae,6,3,Commercial,Core money term - all 5 competitors compete
E-HEAD,handyman dubai app,6,3,Commercial,Core money term - all 5 competitors compete
E-HEAD,handyman dubai cheap,6,1,Commercial,Core money term - all 5 competitors compete
E-HEAD,handyman dubai hills,6,3,Commercial,Core money term - all 5 competitors compete
E-HEAD,handyman dubai south,6,3,Commercial,Core money term - all 5 competitors compete
E-HEAD,handyman guru technical services llc dubai,6,1,Commercial,Core money term - all 5 competitors compete
C-LOCAL,handyman services business bay,6,1,Commercial,Neighbourhood page - thin competition
C-LOCAL,handyman services jvc,6,1,Commercial,Neighbourhood page - thin competition
E-HEAD,homd home maintenance services dubai,6,1,Commercial,Core money term - all 5 competitors compete
D-BLOG,home ac gas refill dubai price,6,1,Commercial,Blog/informational - builds topical authority
E-HEAD,home cleaning company dubai,6,1,Transactional,Core money term - all 5 competitors compete
E-HEAD,home cleaning dubai cheap,6,1,Commercial,Core money term - all 5 competitors compete
D-BLOG,home cleaning dubai price,6,1,Commercial,Blog/informational - builds topical authority
E-HEAD,home cleaning dubai same day,6,1,Transactional,Core money term - all 5 competitors compete
E-HEAD,home cleaning services dubai app,6,1,Commercial,Core money term - all 5 competitors compete
E-HEAD,home cleaning services dubai discovery gardens,6,1,Commercial,Core money term - all 5 competitors compete
C-LOCAL,home cleaning services dubai jvc,6,1,Commercial,Neighbourhood page - thin competition
C-LOCAL,home cleaning services dubai marina,6,1,Commercial,Neighbourhood page - thin competition
E-HEAD,home cleaning services dubai open now,6,1,Commercial,Core money term - all 5 competitors compete
E-HEAD,home cleaning services dubai today,6,1,Commercial,Core money term - all 5 competitors compete
E-HEAD,home home maintenance services dubai,6,1,Commercial,Core money term - all 5 competitors compete
E-HEAD,home maintenance contract dubai,6,1,Commercial,Core money term - all 5 competitors compete
E-HEAD,home maintenance services dubai plumbing services dubai,6,1,Commercial,Core money term - all 5 competitors compete
E-HEAD,home repair company dubai,6,1,Transactional,Core money term - all 5 competitors compete
E-HEAD,home repair services dubai,6,1,Commercial,Core money term - all 5 competitors compete
D-BLOG,house cleaning dubai cost,6,1,Commercial,Blog/informational - builds topical authority
D-BLOG,junk removal dubai price,6,1,Commercial,Blog/informational - builds topical authority
E-HEAD,justlife cleaning company dubai contact number,6,1,Transactional,Core money term - all 5 competitors compete
E-HEAD,kitchen deep cleaning services dubai,6,1,Commercial,Core money term - all 5 competitors compete
E-HEAD,leading maintenance company dubai,6,1,Transactional,Core money term - all 5 competitors compete
E-HEAD,maintenance and renovation company dubai,6,1,Transactional,Core money term - all 5 competitors compete
E-HEAD,maintenance company in dubai,6,1,Transactional,Core money term - all 5 competitors compete
E-HEAD,maintenance company in uae,6,1,Transactional,Core money term - all 5 competitors compete
E-HEAD,maintenance company license dubai,6,1,Transactional,Core money term - all 5 competitors compete
E-HEAD,maintenance work company in dubai,6,1,Transactional,Core money term - all 5 competitors compete
D-BLOG,mattress cleaning dubai cost,6,1,Commercial,Blog/informational - builds topical authority
E-HEAD,mattress cleaning service dubai,6,1,Commercial,Core money term - all 5 competitors compete
E-HEAD,mep maintenance company in dubai,6,1,Transactional,Core money term - all 5 competitors compete
D-BLOG,mirror price in uae,6,1,Commercial,Blog/informational - builds topical authority
E-HEAD,move out cleaning services dubai,6,1,Commercial,Core money term - all 5 competitors compete
E-HEAD,movers and packers dubai cheap,6,1,Commercial,Core money term - all 5 competitors compete
E-HEAD,octopus home maintenance dubai,6,3,Commercial,Core money term - all 5 competitors compete
D-BLOG,office deep cleaning services dubai price,6,1,Commercial,Blog/informational - builds topical authority
E-HEAD,office maintenance company in dubai,6,1,Transactional,Core money term - all 5 competitors compete
D-BLOG,oil paint price in uae,6,1,Commercial,Blog/informational - builds topical authority
E-HEAD,packdash best movers and packers dubai,6,1,Transactional,Core money term - all 5 competitors compete
E-HEAD,painting company in dubai,6,1,Transactional,Core money term - all 5 competitors compete
E-HEAD,painting services company in dubai,6,1,Transactional,Core money term - all 5 competitors compete
D-BLOG,pest control dubai price,6,1,Commercial,Blog/informational - builds topical authority
E-HEAD,plumber dubai al quoz,6,3,Commercial,Core money term - all 5 competitors compete
C-LOCAL,plumber dubai downtown,6,3,Commercial,Neighbourhood page - thin competition
E-HEAD,plumber dubai emergency,6,1,Transactional,Core money term - all 5 competitors compete
E-HEAD,plumber dubai hills,6,3,Commercial,Core money term - all 5 competitors compete
C-LOCAL,plumber dubai marina,6,3,Commercial,Neighbourhood page - thin competition
E-HEAD,plumber dubai prices,6,1,Commercial,Core money term - all 5 competitors compete
E-HEAD,plumber dubai south,6,3,Commercial,Core money term - all 5 competitors compete
E-HEAD,plumber hourly rate dubai,6,1,Commercial,Core money term - all 5 competitors compete
E-HEAD,plumber rate dubai,6,1,Commercial,Core money term - all 5 competitors compete
E-HEAD,plumber service dubai,6,1,Commercial,Core money term - all 5 competitors compete
E-HEAD,plumbing companies in dubai,6,1,Transactional,Core money term - all 5 competitors compete
E-HEAD,plumbing company in dubai,6,1,Transactional,Core money term - all 5 competitors compete
E-HEAD,plumbing maintenance company in dubai,6,1,Transactional,Core money term - all 5 competitors compete
E-HEAD,pool maintenance company in dubai,6,1,Transactional,Core money term - all 5 competitors compete
E-HEAD,property maintenance services dubai,6,1,Commercial,Core money term - all 5 competitors compete
E-HEAD,reputed maintenance company dubai,6,1,Transactional,Core money term - all 5 competitors compete
E-HEAD,rich route home maintenance services dubai,6,1,Commercial,Core money term - all 5 competitors compete
E-HEAD,royal aircraft maintenance company dubai,6,1,Transactional,Core money term - all 5 competitors compete
E-HEAD,same day ac repair dubai,6,1,Transactional,Core money term - all 5 competitors compete
E-HEAD,sanitization company in dubai,6,1,Transactional,Core money term - all 5 competitors compete
E-HEAD,server maintenance company dubai,6,1,Transactional,Core money term - all 5 competitors compete
E-HEAD,service company in dubai,6,1,Transactional,Core money term - all 5 competitors compete
E-HEAD,sithara home maintenance dubai,6,3,Commercial,Core money term - all 5 competitors compete
E-HEAD,sofa cleaning dubai cheap,6,1,Commercial,Core money term - all 5 competitors compete
D-BLOG,sofa cleaning dubai price,6,1,Commercial,Blog/informational - builds topical authority
E-HEAD,super handyman technical services llc dubai,6,1,Commercial,Core money term - all 5 competitors compete
E-HEAD,swimming pool maintenance company dubai,6,1,Transactional,Core money term - all 5 competitors compete
E-HEAD,top 10 maintenance company dubai,6,1,Transactional,Core money term - all 5 competitors compete
E-HEAD,top 10 maintenance company in dubai list,6,1,Transactional,Core money term - all 5 competitors compete
E-HEAD,top 10 maintenance company in dubai pdf,6,1,Transactional,Core money term - all 5 competitors compete
E-HEAD,top fixers ac repair dubai,6,3,Commercial,Core money term - all 5 competitors compete
E-HEAD,top maintenance company in dubai,6,1,Transactional,Core money term - all 5 competitors compete
E-HEAD,top rated ac maintenance dubai,6,3,Commercial,Core money term - all 5 competitors compete
E-HEAD,top rated ac repair dubai,6,3,Commercial,Core money term - all 5 competitors compete
E-HEAD,tph cleaning company dubai contact number,6,1,Transactional,Core money term - all 5 competitors compete
E-HEAD,tph cleaning company dubai vacancies,6,1,Transactional,Core money term - all 5 competitors compete
E-HEAD,tv wall mounting service dubai,6,1,Commercial,Core money term - all 5 competitors compete
E-HEAD,uae movers and packers - best movers in dubai,6,1,Transactional,Core money term - all 5 competitors compete
E-HEAD,urban cleaning company dubai contact number,6,1,Transactional,Core money term - all 5 competitors compete
E-HEAD,urban cleaning company dubai contact number whatsapp number,6,1,Transactional,Core money term - all 5 competitors compete
E-HEAD,urban company deep cleaning dubai,6,1,Transactional,Core money term - all 5 competitors compete
E-HEAD,vfix maintenance company dubai,6,1,Transactional,Core money term - all 5 competitors compete
E-HEAD,villa deep cleaning services dubai,6,1,Commercial,Core money term - all 5 competitors compete
E-HEAD,wall art dubai cheap,6,1,Commercial,Core money term - all 5 competitors compete
D-BLOG,wall painting dubai price,6,1,Commercial,Blog/informational - builds topical authority
E-HEAD,water leak detection company dubai,6,1,Transactional,Core money term - all 5 competitors compete
E-HEAD,water tank cleaning companies in uae,6,1,Transactional,Core money term - all 5 competitors compete
D-BLOG,water tank cleaning dubai price,6,1,Commercial,Blog/informational - builds topical authority
D-BLOG,water tank cleaning dubai price list,6,1,Commercial,Blog/informational - builds topical authority
E-HEAD,website maintenance company dubai,6,1,Transactional,Core money term - all 5 competitors compete
E-HEAD,ac maintenance dubai 24 7,4,2,Commercial,Core money term - all 5 competitors compete
E-HEAD,ac maintenance dubai and ac installation dubai,4,2,Commercial,Core money term - all 5 competitors compete
E-HEAD,ac maintenance in dubai,4,2,Commercial,Core money term - all 5 competitors compete
E-HEAD,ac maintenance near dubai,4,2,Commercial,Core money term - all 5 competitors compete
E-HEAD,ac repair and maintenance dubai,4,2,Commercial,Core money term - all 5 competitors compete
E-HEAD,ac repair bur dubai,4,2,Commercial,Core money term - all 5 competitors compete
C-LOCAL,ac repair downtown dubai,4,2,Commercial,Neighbourhood page - thin competition
E-HEAD,ac repair dubai 24 7,4,2,Commercial,Core money term - all 5 competitors compete
E-HEAD,ac repair dubai car,4,2,Commercial,Core money term - all 5 competitors compete
C-LOCAL,ac repair dubai jvc,4,2,Commercial,Neighbourhood page - thin competition
E-HEAD,ac repair dubai open now,4,2,Commercial,Core money term - all 5 competitors compete
E-HEAD,ac repair dubai satwa,4,2,Commercial,Core money term - all 5 competitors compete
E-HEAD,ac repair in abu hail dubai,4,2,Commercial,Core money term - all 5 competitors compete
E-HEAD,ac repair in dubai,4,2,Commercial,Core money term - all 5 competitors compete
E-HEAD,ac repair in dubai hills,4,2,Commercial,Core money term - all 5 competitors compete
C-LOCAL,ac repair in dubai marina,4,2,Commercial,Neighbourhood page - thin competition
E-HEAD,ac repair near dubai,4,2,Commercial,Core money term - all 5 competitors compete
C-LOCAL,ac repair near dubai marina,4,2,Commercial,Neighbourhood page - thin competition
E-HEAD,ac repair near dubai silicon oasis,4,2,Commercial,Core money term - all 5 competitors compete
E-HEAD,ac repair rashidiya dubai,4,2,Commercial,Core money term - all 5 competitors compete
E-HEAD,ac repair shop dubai,4,2,Commercial,Core money term - all 5 competitors compete
E-HEAD,ac repair springs dubai,4,2,Commercial,Core money term - all 5 competitors compete
E-HEAD,air conditioning repair in dubai,4,2,Commercial,Core money term - all 5 competitors compete
E-HEAD,deep cleaning dubai,4,2,Commercial,Core money term - all 5 competitors compete
E-HEAD,dubai electrician interview questions,4,2,Commercial,Core money term - all 5 competitors compete
E-HEAD,dubai electrician interview questions and answers,4,2,Commercial,Core money term - all 5 competitors compete
E-HEAD,dubai electrician interview questions and answers hindi,4,2,Commercial,Core money term - all 5 competitors compete
E-HEAD,dubai electrician offer letter,4,2,Commercial,Core money term - all 5 competitors compete
E-HEAD,electrician dubai,4,2,Commercial,Core money term - all 5 competitors compete
E-HEAD,electrician dubai 24 7,4,2,Commercial,Core money term - all 5 competitors compete
E-HEAD,electrician dubai hills,4,2,Commercial,Core money term - all 5 competitors compete
E-HEAD,electrician dubai silicon oasis,4,2,Commercial,Core money term - all 5 competitors compete
E-HEAD,fix n fit home maintenance dubai,4,2,Commercial,Core money term - all 5 competitors compete
E-HEAD,good electrician dubai,4,2,Commercial,Core money term - all 5 competitors compete
E-HEAD,handyman dubai,4,2,Commercial,Core money term - all 5 competitors compete
E-HEAD,handyman dubai silicon oasis,4,2,Commercial,Core money term - all 5 competitors compete
E-HEAD,handyman plumber dubai,4,2,Commercial,Core money term - all 5 competitors compete
E-HEAD,home maintenance dubai,4,2,Commercial,Core money term - all 5 competitors compete
E-HEAD,home maintenance in dubai,4,2,Commercial,Core money term - all 5 competitors compete
E-HEAD,home repair dubai,4,2,Commercial,Core money term - all 5 competitors compete
D-BLOG,how much can a plumber earn in dubai,4,1,Informational,Blog/informational - builds topical authority
D-BLOG,how much can an electrician make in dubai,4,1,Informational,Blog/informational - builds topical authority
D-BLOG,how much is deep cleaning in dubai,4,1,Informational,Blog/informational - builds topical authority
D-BLOG,how much plumber earn in dubai,4,1,Informational,Blog/informational - builds topical authority
E-HEAD,m plus home maintenance dubai,4,2,Commercial,Core money term - all 5 competitors compete
E-HEAD,mep home maintenance solution dubai,4,2,Commercial,Core money term - all 5 competitors compete
E-HEAD,move in cleaning dubai,4,2,Commercial,Core money term - all 5 competitors compete
E-HEAD,move in deep cleaning dubai,4,2,Commercial,Core money term - all 5 competitors compete
E-HEAD,move out deep cleaning dubai,4,2,Commercial,Core money term - all 5 competitors compete
E-HEAD,mr fixer home maintenance dubai,4,2,Commercial,Core money term - all 5 competitors compete
E-HEAD,o general ac repair dubai,4,2,Commercial,Core money term - all 5 competitors compete
E-HEAD,octopus home maintenance & renovation dubai,4,2,Commercial,Core money term - all 5 competitors compete
E-HEAD,plumber dubai,4,2,Commercial,Core money term - all 5 competitors compete
E-HEAD,plumber dubai 24 7,4,2,Commercial,Core money term - all 5 competitors compete
E-HEAD,plumber dubai creek harbour,4,2,Commercial,Core money term - all 5 competitors compete
E-HEAD,plumber dubai silicon oasis,4,2,Commercial,Core money term - all 5 competitors compete
E-HEAD,property maintenance dubai,4,2,Commercial,Core money term - all 5 competitors compete
E-HEAD,property maintenance in dubai,4,2,Commercial,Core money term - all 5 competitors compete
E-HEAD,washing machine deep cleaning dubai,4,2,Commercial,Core money term - all 5 competitors compete
E-HEAD,ac cleaning dubai,2,1,Commercial,Core money term - all 5 competitors compete
E-HEAD,ac coil cleaning dubai,2,1,Commercial,Core money term - all 5 competitors compete
E-HEAD,ac coil cleaning dubai hills,2,1,Commercial,Core money term - all 5 competitors compete
C-LOCAL,ac coil cleaning in jlt dubai,2,1,Commercial,Neighbourhood page - thin competition
E-HEAD,ac duct cleaning dubai,2,1,Commercial,Core money term - all 5 competitors compete
E-HEAD,ac duct cleaning dubai hills,2,1,Commercial,Core money term - all 5 competitors compete
C-LOCAL,ac duct cleaning dubai marina,2,1,Commercial,Neighbourhood page - thin competition
E-HEAD,ac gas refill dubai,2,1,Commercial,Core money term - all 5 competitors compete
E-HEAD,ac gas refill dubai car,2,1,Commercial,Core money term - all 5 competitors compete
E-HEAD,ac gas top up dubai,2,1,Commercial,Core money term - all 5 competitors compete
E-HEAD,ac leak repair dubai,2,1,Commercial,Core money term - all 5 competitors compete
E-HEAD,ac maintenance dubai 24/7,2,1,Commercial,Core money term - all 5 competitors compete
E-HEAD,ac refrigerator & washing machine repair dubai,2,1,Commercial,Core money term - all 5 competitors compete
E-HEAD,ac repair & maintenance in dubai,2,1,Commercial,Core money term - all 5 competitors compete
C-LOCAL,ac repair in business bay dubai,2,1,Commercial,Neighbourhood page - thin competition
C-LOCAL,ac repair in jumeirah dubai,2,1,Commercial,Neighbourhood page - thin competition
E-HEAD,ac repair in town square dubai,2,1,Commercial,Core money term - all 5 competitors compete
E-HEAD,ac repair international city dubai,2,1,Commercial,Core money term - all 5 competitors compete
E-HEAD,ac servicing dubai,2,1,Commercial,Core money term - all 5 competitors compete
E-HEAD,ac vent cleaning dubai,2,1,Commercial,Core money term - all 5 competitors compete
E-HEAD,air curtain installation in dubai uae,2,1,Commercial,Core money term - all 5 competitors compete
E-HEAD,aircon repair in dubai,2,1,Commercial,Core money term - all 5 competitors compete
E-HEAD,aston martin ac repair dubai,2,1,Commercial,Core money term - all 5 competitors compete
E-HEAD,audi ac repair dubai,2,1,Commercial,Core money term - all 5 competitors compete
E-HEAD,auto ac repair dubai,2,1,Commercial,Core money term - all 5 competitors compete
E-HEAD,bathroom glass dubai,2,1,Commercial,Core money term - all 5 competitors compete
E-HEAD,bentley ac repair dubai,2,1,Commercial,Core money term - all 5 competitors compete
E-HEAD,bmw ac repair dubai,2,1,Commercial,Core money term - all 5 competitors compete
E-HEAD,breathe home maintenance dubai,2,1,Commercial,Core money term - all 5 competitors compete
E-HEAD,british electrician dubai,2,1,Commercial,Core money term - all 5 competitors compete
E-HEAD,british handyman dubai,2,1,Commercial,Core money term - all 5 competitors compete
E-HEAD,british plumber dubai,2,1,Commercial,Core money term - all 5 competitors compete
E-HEAD,car deep cleaning dubai at home,2,1,Commercial,Core money term - all 5 competitors compete
E-HEAD,car repair dubai,2,1,Commercial,Core money term - all 5 competitors compete
E-HEAD,carpenter dubai,2,1,Commercial,Core money term - all 5 competitors compete
E-HEAD,carpenter dubai al quoz,2,1,Commercial,Core money term - all 5 competitors compete
C-LOCAL,carpenter dubai marina,2,1,Commercial,Neighbourhood page - thin competition
E-HEAD,carpenter dubai satwa,2,1,Commercial,Core money term - all 5 competitors compete
E-HEAD,carpenter dubai south,2,1,Commercial,Core money term - all 5 competitors compete
C-LOCAL,chiller ac repair in downtown dubai,2,1,Commercial,Neighbourhood page - thin competition
E-HEAD,curtain cleaners dubai,2,1,Commercial,Core money term - all 5 competitors compete
E-HEAD,curtain cleaning dubai,2,1,Commercial,Core money term - all 5 competitors compete
E-HEAD,curtain cleaning dubai hills,2,1,Commercial,Core money term - all 5 competitors compete
C-LOCAL,curtain cleaning dubai marina,2,1,Commercial,Neighbourhood page - thin competition
E-HEAD,curtain dry cleaning dubai,2,1,Commercial,Core money term - all 5 competitors compete
E-HEAD,curtain installation dubai,2,1,Commercial,Core money term - all 5 competitors compete
E-HEAD,curtain rod installation dubai,2,1,Commercial,Core money term - all 5 competitors compete
E-HEAD,curtain washing dubai,2,1,Commercial,Core money term - all 5 competitors compete
E-HEAD,daikin ac repair dubai,2,1,Commercial,Core money term - all 5 competitors compete
E-HEAD,deep cleaning ac dubai,2,1,Commercial,Core money term - all 5 competitors compete
E-HEAD,deep cleaning after renovation dubai,2,1,Commercial,Core money term - all 5 competitors compete
E-HEAD,deep cleaning balcony dubai,2,1,Commercial,Core money term - all 5 competitors compete
E-HEAD,deep cleaning bathroom dubai,2,1,Commercial,Core money term - all 5 competitors compete
E-HEAD,deep cleaning bur dubai,2,1,Commercial,Core money term - all 5 competitors compete
E-HEAD,deep cleaning car wash dubai,2,1,Commercial,Core money term - all 5 competitors compete
E-HEAD,deep cleaning dentist dubai,2,1,Commercial,Core money term - all 5 competitors compete
C-LOCAL,deep cleaning downtown dubai,2,1,Commercial,Neighbourhood page - thin competition
E-HEAD,deep cleaning furniture dubai,2,1,Commercial,Core money term - all 5 competitors compete
E-HEAD,deep cleaning in dubai,2,1,Commercial,Core money term - all 5 competitors compete
E-HEAD,deep cleaning kitchen dubai,2,1,Commercial,Core money term - all 5 competitors compete
E-HEAD,deep cleaning mattress dubai,2,1,Commercial,Core money term - all 5 competitors compete
E-HEAD,deep cleaning offers dubai,2,1,Commercial,Core money term - all 5 competitors compete
E-HEAD,deep cleaning office dubai,2,1,Commercial,Core money term - all 5 competitors compete
E-HEAD,deep cleaning sofa dubai,2,1,Commercial,Core money term - all 5 competitors compete
E-HEAD,deep cleaning studio dubai,2,1,Commercial,Core money term - all 5 competitors compete
E-HEAD,deep cleaning teeth dubai,2,1,Commercial,Core money term - all 5 competitors compete
E-HEAD,deep cleaning villa dubai,2,1,Commercial,Core money term - all 5 competitors compete
E-HEAD,deep ear cleaning dubai,2,1,Commercial,Core money term - all 5 competitors compete
E-HEAD,dubai ac maintenance tips,2,1,Commercial,Core money term - all 5 competitors compete
E-HEAD,dubai electrical house wiring,2,1,Commercial,Core money term - all 5 competitors compete
E-HEAD,dubai electrician drawing,2,1,Commercial,Core money term - all 5 competitors compete
E-HEAD,dubai electrician helper work,2,1,Commercial,Core money term - all 5 competitors compete
E-HEAD,dubai electrician license,2,1,Commercial,Core money term - all 5 competitors compete
E-HEAD,dubai electrician payment,2,1,Commercial,Core money term - all 5 competitors compete
E-HEAD,dubai electrician vacancy 2025,2,1,Commercial,Core money term - all 5 competitors compete
E-HEAD,dubai electrician wiring,2,1,Commercial,Core money term - all 5 competitors compete
E-HEAD,dubai luxury home maintenance surge,2,1,Commercial,Core money term - all 5 competitors compete
E-HEAD,dubai plumber fitting,2,1,Commercial,Core money term - all 5 competitors compete
E-HEAD,dubai plumber helper,2,1,Commercial,Core money term - all 5 competitors compete
E-HEAD,dubai plumber maintenance,2,1,Commercial,Core money term - all 5 competitors compete
E-HEAD,electrical handyman dubai,2,1,Commercial,Core money term - all 5 competitors compete
E-HEAD,electrical maintenance dubai,2,1,Commercial,Core money term - all 5 competitors compete
E-HEAD,electrical repair dubai,2,1,Commercial,Core money term - all 5 competitors compete
E-HEAD,electrician apprenticeship dubai,2,1,Commercial,Core money term - all 5 competitors compete
E-HEAD,electrician bur dubai,2,1,Commercial,Core money term - all 5 competitors compete
E-HEAD,electrician car dubai,2,1,Commercial,Core money term - all 5 competitors compete
E-HEAD,electrician dubai vacancy,2,1,Commercial,Core money term - all 5 competitors compete
E-HEAD,electrician dubai work,2,1,Commercial,Core money term - all 5 competitors compete
E-HEAD,electrician handyman dubai,2,1,Commercial,Core money term - all 5 competitors compete
E-HEAD,electrician helper dubai,2,1,Commercial,Core money term - all 5 competitors compete
E-HEAD,electrician in dubai,2,1,Commercial,Core money term - all 5 competitors compete
E-HEAD,electrician in dubai hills,2,1,Commercial,Core money term - all 5 competitors compete
E-HEAD,electrician maintenance dubai,2,1,Commercial,Core money term - all 5 competitors compete
E-HEAD,electrician near dubai,2,1,Commercial,Core money term - all 5 competitors compete
E-HEAD,electrician near dubai international city,2,1,Commercial,Core money term - all 5 competitors compete
E-HEAD,electrician near dubai silicon oasis,2,1,Commercial,Core money term - all 5 competitors compete
E-HEAD,electrician pay dubai,2,1,Commercial,Core money term - all 5 competitors compete
E-HEAD,electrician shop dubai,2,1,Commercial,Core money term - all 5 competitors compete
E-HEAD,english plumber dubai,2,1,Commercial,Core money term - all 5 competitors compete
E-HEAD,expert plumber dubai,2,1,Commercial,Core money term - all 5 competitors compete
E-HEAD,filipino handyman dubai,2,1,Commercial,Core money term - all 5 competitors compete
E-HEAD,find handyman dubai,2,1,Commercial,Core money term - all 5 competitors compete
E-HEAD,fix dubai home maintenance,2,1,Commercial,Core money term - all 5 competitors compete
E-HEAD,floor deep cleaning dubai,2,1,Commercial,Core money term - all 5 competitors compete
E-HEAD,furniture assembly dubai,2,1,Commercial,Core money term - all 5 competitors compete
E-HEAD,furniture movers and packers in dubai,2,1,Commercial,Core money term - all 5 competitors compete
E-HEAD,furniture painters dubai,2,1,Commercial,Core money term - all 5 competitors compete
E-HEAD,furniture painting dubai,2,1,Commercial,Core money term - all 5 competitors compete
E-HEAD,furniture refurbishment dubai,2,1,Commercial,Core money term - all 5 competitors compete
E-HEAD,furniture repair dubai,2,1,Commercial,Core money term - all 5 competitors compete
E-HEAD,garden deep cleaning dubai,2,1,Commercial,Core money term - all 5 competitors compete
E-HEAD,gas plumber dubai,2,1,Commercial,Core money term - all 5 competitors compete
E-HEAD,german handyman dubai,2,1,Commercial,Core money term - all 5 competitors compete
E-HEAD,german plumber dubai,2,1,Commercial,Core money term - all 5 competitors compete
E-HEAD,gf relocation furniture movers and packers dubai,2,1,Commercial,Core money term - all 5 competitors compete
E-HEAD,glass block installation dubai,2,1,Commercial,Core money term - all 5 competitors compete
E-HEAD,glass door installation dubai,2,1,Commercial,Core money term - all 5 competitors compete
E-HEAD,glass installation dubai,2,1,Commercial,Core money term - all 5 competitors compete
E-HEAD,glass replacement dubai,2,1,Commercial,Core money term - all 5 competitors compete
E-HEAD,glass shower screen dubai,2,1,Commercial,Core money term - all 5 competitors compete
E-HEAD,gree ac maintenance dubai,2,1,Commercial,Core money term - all 5 competitors compete
E-HEAD,gree ac repair dubai,2,1,Commercial,Core money term - all 5 competitors compete
E-HEAD,green tech home & property maintenance in dubai,2,1,Commercial,Core money term - all 5 competitors compete
C-LOCAL,handyman business bay,2,1,Commercial,Neighbourhood page - thin competition
E-HEAD,handyman business in dubai,2,1,Commercial,Core money term - all 5 competitors compete
E-HEAD,handyman carpenter dubai,2,1,Commercial,Core money term - all 5 competitors compete
E-HEAD,handyman dubai 24/7,2,1,Commercial,Core money term - all 5 competitors compete
E-HEAD,handyman dubai com,2,1,Commercial,Core money term - all 5 competitors compete
C-LOCAL,handyman dubai jvc,2,1,Commercial,Neighbourhood page - thin competition
E-HEAD,handyman dubai now,2,1,Commercial,Core money term - all 5 competitors compete
E-HEAD,handyman electrician dubai,2,1,Commercial,Core money term - all 5 competitors compete
E-HEAD,handyman guru dubai,2,1,Commercial,Core money term - all 5 competitors compete
E-HEAD,handyman heroes dubai,2,1,Commercial,Core money term - all 5 competitors compete
E-HEAD,handyman hire dubai,2,1,Commercial,Core money term - all 5 competitors compete
E-HEAD,handyman in dubai,2,1,Commercial,Core money term - all 5 competitors compete
C-LOCAL,handyman in dubai marina,2,1,Commercial,Neighbourhood page - thin competition
C-LOCAL,handyman jvc,2,1,Commercial,Neighbourhood page - thin competition
C-LOCAL,handyman jvc dubai,2,1,Commercial,Neighbourhood page - thin competition
E-HEAD,handyman near dubai,2,1,Commercial,Core money term - all 5 competitors compete
E-HEAD,handyman painter dubai,2,1,Commercial,Core money term - all 5 competitors compete
E-HEAD,handyman per hour dubai,2,1,Commercial,Core money term - all 5 competitors compete
E-HEAD,handyman repair dubai,2,1,Commercial,Core money term - all 5 competitors compete
E-HEAD,handyman work dubai,2,1,Commercial,Core money term - all 5 competitors compete
E-HEAD,handyman work in dubai,2,1,Commercial,Core money term - all 5 competitors compete
E-HEAD,homd home maintenance dubai,2,1,Commercial,Core money term - all 5 competitors compete
E-HEAD,home ac gas refill dubai,2,1,Commercial,Core money term - all 5 competitors compete
E-HEAD,home ac repair dubai,2,1,Commercial,Core money term - all 5 competitors compete
E-HEAD,home cleaning app dubai,2,1,Commercial,Core money term - all 5 competitors compete
C-LOCAL,home cleaning dubai jvc,2,1,Commercial,Neighbourhood page - thin competition
E-HEAD,home cleaning dubai offer,2,1,Commercial,Core money term - all 5 competitors compete
E-HEAD,home cleaning dubai south,2,1,Commercial,Core money term - all 5 competitors compete
E-HEAD,home cleaning in dubai,2,1,Commercial,Core money term - all 5 competitors compete
E-HEAD,home cleaning near dubai,2,1,Commercial,Core money term - all 5 competitors compete
E-HEAD,home deep cleaning dubai,2,1,Commercial,Core money term - all 5 competitors compete
E-HEAD,home maintenance experts dubai,2,1,Commercial,Core money term - all 5 competitors compete
E-HEAD,home maintenance uae,2,1,Commercial,Core money term - all 5 competitors compete
E-HEAD,home repair in dubai,2,1,Commercial,Core money term - all 5 competitors compete
E-HEAD,home.cleaning dubai discount,2,1,Commercial,Core money term - all 5 competitors compete
E-HEAD,house cleaning app dubai,2,1,Commercial,Core money term - all 5 competitors compete
C-LOCAL,house cleaning dubai marina,2,1,Commercial,Neighbourhood page - thin competition
E-HEAD,house cleaning in dubai,2,1,Commercial,Core money term - all 5 competitors compete
E-HEAD,house deep cleaning dubai,2,1,Commercial,Core money term - all 5 competitors compete
E-HEAD,hvac duct cleaning dubai,2,1,Commercial,Core money term - all 5 competitors compete
E-HEAD,hvac maintenance in dubai,2,1,Commercial,Core money term - all 5 competitors compete
E-HEAD,jaguar ac repair dubai,2,1,Commercial,Core money term - all 5 competitors compete
E-HEAD,jeep ac repair dubai,2,1,Commercial,Core money term - all 5 competitors compete
E-HEAD,junk removal dubai,2,1,Commercial,Core money term - all 5 competitors compete
E-HEAD,junk removal dubai free,2,1,Commercial,Core money term - all 5 competitors compete
E-HEAD,junk removal dubai hills,2,1,Commercial,Core money term - all 5 competitors compete
C-LOCAL,junk removal dubai marina,2,1,Commercial,Neighbourhood page - thin competition
E-HEAD,junk removal dubai municipality,2,1,Commercial,Core money term - all 5 competitors compete
E-HEAD,junk removal dubai open now,2,1,Commercial,Core money term - all 5 competitors compete
E-HEAD,koona home maintenance dubai,2,1,Commercial,Core money term - all 5 competitors compete
E-HEAD,lg ac maintenance dubai,2,1,Commercial,Core money term - all 5 competitors compete
E-HEAD,lg ac repair dubai,2,1,Commercial,Core money term - all 5 competitors compete
E-HEAD,maserati ac repair dubai,2,1,Commercial,Core money term - all 5 competitors compete
E-HEAD,mattress cleaning dubai,2,1,Commercial,Core money term - all 5 competitors compete
E-HEAD,mattress deep cleaning dubai,2,1,Commercial,Core money term - all 5 competitors compete
E-HEAD,mattress dry cleaning dubai,2,1,Commercial,Core money term - all 5 competitors compete
E-HEAD,mattress steam cleaning dubai,2,1,Commercial,Core money term - all 5 competitors compete
E-HEAD,mattress topper cleaning dubai,2,1,Commercial,Core money term - all 5 competitors compete
E-HEAD,mazaya ac repair fixing dubai,2,1,Commercial,Core money term - all 5 competitors compete
E-HEAD,mercedes ac repair dubai,2,1,Commercial,Core money term - all 5 competitors compete
E-HEAD,midea ac repair dubai,2,1,Commercial,Core money term - all 5 competitors compete
E-HEAD,mirror installation dubai,2,1,Commercial,Core money term - all 5 competitors compete
E-HEAD,move in cleaners dubai,2,1,Commercial,Core money term - all 5 competitors compete
E-HEAD,move in move out cleaning dubai,2,1,Commercial,Core money term - all 5 competitors compete
E-HEAD,move out cleaning dubai,2,1,Commercial,Core money term - all 5 competitors compete
E-HEAD,move with us uae professional movers and packers dubai,2,1,Commercial,Core money term - all 5 competitors compete
E-HEAD,mr handyman dubai,2,1,Commercial,Core money term - all 5 competitors compete
E-HEAD,offshore electrician dubai,2,1,Commercial,Core money term - all 5 competitors compete
E-HEAD,one deep cleaning dubai,2,1,Commercial,Core money term - all 5 competitors compete
E-HEAD,outdoor deep cleaning dubai,2,1,Commercial,Core money term - all 5 competitors compete
E-HEAD,perfect handyman dubai,2,1,Commercial,Core money term - all 5 competitors compete
E-HEAD,pest control dubai,2,1,Commercial,Core money term - all 5 competitors compete
E-HEAD,pest control dubai cockroach,2,1,Commercial,Core money term - all 5 competitors compete
C-LOCAL,pest control dubai deira,2,1,Commercial,Neighbourhood page - thin competition
C-LOCAL,pest control dubai marina,2,1,Commercial,Neighbourhood page - thin competition
E-HEAD,pest control dubai municipality,2,1,Commercial,Core money term - all 5 competitors compete
E-HEAD,pest control dubai qusais,2,1,Commercial,Core money term - all 5 competitors compete
E-HEAD,pest control dubai silicon oasis,2,1,Commercial,Core money term - all 5 competitors compete
E-HEAD,plumber bur dubai,2,1,Commercial,Core money term - all 5 competitors compete
E-HEAD,plumber drawing dubai,2,1,Commercial,Core money term - all 5 competitors compete
C-LOCAL,plumber dubai jvc,2,1,Commercial,Neighbourhood page - thin competition
E-HEAD,plumber dubai urgent,2,1,Commercial,Core money term - all 5 competitors compete
E-HEAD,plumber dubai work,2,1,Commercial,Core money term - all 5 competitors compete
E-HEAD,plumber in dubai,2,1,Commercial,Core money term - all 5 competitors compete
E-HEAD,plumber in dubai hills,2,1,Commercial,Core money term - all 5 competitors compete
C-LOCAL,plumber in dubai marina,2,1,Commercial,Neighbourhood page - thin competition
E-HEAD,plumber in dubai south,2,1,Commercial,Core money term - all 5 competitors compete
E-HEAD,plumber interview dubai,2,1,Commercial,Core money term - all 5 competitors compete
E-HEAD,plumber near dubai,2,1,Commercial,Core money term - all 5 competitors compete
E-HEAD,plumber pay dubai,2,1,Commercial,Core money term - all 5 competitors compete
E-HEAD,plumber shop dubai,2,1,Commercial,Core money term - all 5 competitors compete
E-HEAD,plumber vacancy dubai,2,1,Commercial,Core money term - all 5 competitors compete
E-HEAD,plumber vacancy in dubai hotels,2,1,Commercial,Core money term - all 5 competitors compete
E-HEAD,plumbing repair dubai,2,1,Commercial,Core money term - all 5 competitors compete
E-HEAD,porsche ac repair dubai,2,1,Commercial,Core money term - all 5 competitors compete
E-HEAD,professional deep cleaning dubai,2,1,Commercial,Core money term - all 5 competitors compete
E-HEAD,professional handyman dubai,2,1,Commercial,Core money term - all 5 competitors compete
E-HEAD,professional mattress cleaning dubai,2,1,Commercial,Core money term - all 5 competitors compete
E-HEAD,professional plumber dubai,2,1,Commercial,Core money term - all 5 competitors compete
E-HEAD,qualified electrician dubai,2,1,Commercial,Core money term - all 5 competitors compete
E-HEAD,samsung ac repair dubai,2,1,Commercial,Core money term - all 5 competitors compete
E-HEAD,shower doors dubai,2,1,Commercial,Core money term - all 5 competitors compete
E-HEAD,smart glass installation dubai,2,1,Commercial,Core money term - all 5 competitors compete
E-HEAD,sofa cleaning dubai,2,1,Commercial,Core money term - all 5 competitors compete
E-HEAD,sofa cleaning dubai hills,2,1,Commercial,Core money term - all 5 competitors compete
C-LOCAL,sofa cleaning dubai marina,2,1,Commercial,Neighbourhood page - thin competition
E-HEAD,sofa cleaning dubai silicon oasis,2,1,Commercial,Core money term - all 5 competitors compete
E-HEAD,sofa cleaning dubai south,2,1,Commercial,Core money term - all 5 competitors compete
E-HEAD,spray painting furniture dubai,2,1,Commercial,Core money term - all 5 competitors compete
E-HEAD,tesla ac repair dubai,2,1,Commercial,Core money term - all 5 competitors compete
E-HEAD,toilet plumber dubai,2,1,Commercial,Core money term - all 5 competitors compete
E-HEAD,top rated deep cleaning dubai,2,1,Commercial,Core money term - all 5 competitors compete
E-HEAD,toyota ac repair dubai,2,1,Commercial,Core money term - all 5 competitors compete
E-HEAD,true home maintenance dubai,2,1,Commercial,Core money term - all 5 competitors compete
E-HEAD,tv wall mount installation dubai,2,1,Commercial,Core money term - all 5 competitors compete
E-HEAD,uk electrician dubai,2,1,Commercial,Core money term - all 5 competitors compete
E-HEAD,uk plumber dubai,2,1,Commercial,Core money term - all 5 competitors compete
E-HEAD,upholstery dubai sofa,2,1,Commercial,Core money term - all 5 competitors compete
E-HEAD,urgent ac repair dubai,2,1,Commercial,Core money term - all 5 competitors compete
E-HEAD,urgent electrician dubai,2,1,Commercial,Core money term - all 5 competitors compete
E-HEAD,urgent handyman dubai,2,1,Commercial,Core money term - all 5 competitors compete
E-HEAD,urgent plumber dubai,2,1,Commercial,Core money term - all 5 competitors compete
E-HEAD,villa deep cleaning in dubai,2,1,Commercial,Core money term - all 5 competitors compete
E-HEAD,villa water tank cleaning dubai,2,1,Commercial,Core money term - all 5 competitors compete
E-HEAD,volkswagen ac repair dubai,2,1,Commercial,Core money term - all 5 competitors compete
E-HEAD,vrf ac repair dubai,2,1,Commercial,Core money term - all 5 competitors compete
E-HEAD,warehouse deep cleaning dubai,2,1,Commercial,Core money term - all 5 competitors compete
E-HEAD,water heater cleaning dubai,2,1,Commercial,Core money term - all 5 competitors compete
E-HEAD,water leak detection dubai,2,1,Commercial,Core money term - all 5 competitors compete
E-HEAD,water leak repair dubai,2,1,Commercial,Core money term - all 5 competitors compete
E-HEAD,water tank cleaning dubai,2,1,Commercial,Core money term - all 5 competitors compete
E-HEAD,water tank cleaning dubai municipality,2,1,Commercial,Core money term - all 5 competitors compete
E-HEAD,water tank cleaning regulations dubai,2,1,Commercial,Core money term - all 5 competitors compete
E-HEAD,window ac repair dubai,2,1,Commercial,Core money term - all 5 competitors compete
E-HEAD,window installation dubai,2,1,Commercial,Core money term - all 5 competitors compete
E-HEAD,wooden furniture painting dubai,2,1,Commercial,Core money term - all 5 competitors compete
